"Longitude (x)","Latitude (y)","Station Name","Climate ID","Date/Time","Year","Month","Day","Data Quality","Max Temp (°C)","Max Temp Flag","Min Temp (°C)","Min Temp Flag","Mean Temp (°C)","Mean Temp Flag","Heat Deg Days (°C)","Heat Deg Days Flag","Cool Deg Days (°C)","Cool Deg Days Flag","Total Rain (mm)","Total Rain Flag","Total Snow (cm)","Total Snow Flag","Total Precip (mm)","Total Precip Flag","Snow on Grnd (cm)","Snow on Grnd Flag","Dir of Max Gust (10s deg)","Dir of Max Gust Flag","Spd of Max Gust (km/h)","Spd of Max Gust Flag"
"-123.18","49.19","VANCOUVER INTL A","1108395","2024-01-01","2024","01","01","","6.3","","0.9","","3.6","","14.4","","0.0","","0.0","","0.0","","0.0","","","","","M","","M"
"-123.18","49.19","VANCOUVER INTL A","1108395","2024-01-02","2024","01","02","","7.8","","3.8","","5.8","","12.2","","0.0","","9.8","","0.0","","9.8","","","","","M","","M"
"-123.18","49.19","VANCOUVER INTL A","1108395","2024-01-03","2024","01","03","","10.2","","5.2","","7.7","","10.3","","0.0","","0.7","","0.0","","0.7","","","","","M","","M"
"-123.18","49.19","VANCOUVER INTL A","1108395","2024-01-04","2024","01","04","","10.2","","3.7","","7.0","","11.0","","0.0","","10.3","","0.0","","10.3","","","","13","","36",""
"-123.18","49.19","VANCOUVER INTL A","1108395","2024-01-05","2024","01","05","","7.5","","3.6","","5.6","","12.4","","0.0","","5.0","","0.0","","5.0","","","","16","","58",""
"-123.18","49.19","VANCOUVER INTL A","1108395","2024-01-06","2024","01","06","","6.9","","0.2","","3.6","","14.4","","0.0","","6.3","","0.0","","6.3","","","","29","","63",""
"-123.18","49.19","VANCOUVER INTL A","1108395","2024-01-07","2024","01","07","","4.6","","-1.3","","1.7","","16.3","","0.0","","0.0","","0.0","","0.0","","","","","M","","M"
"-123.18","49.19","VANCOUVER INTL A","1108395","2024-01-08","2024","01","08","","3.4","","0.9","","2.2","","15.8","","0.0","","32.6","","0.0","T","32.6","","","","9","","47",""
"-123.18","49.19","VANCOUVER INTL A","1108395","2024-01-09","2024","01","09","","","M","","M","","M","","M","","M","6.0","","0.0","","6.0","","","","17","","53",""
"-123.18","49.19","VANCOUVER INTL A","1108395","2024-01-10","2024","01","10","","6.2","","2.1","","4.2","","13.8","","0.0","","0.0","","0.0","","0.0","","","","27","","39",""
"-123.18","49.19","VANCOUVER INTL A","1108395","2024-01-11","2024","01","11","","4.5","","-6.4","","-1.0","","19.0","","0.0","","0.0","","3.0","","2.0","","2","E","30","","79",""
"-123.18","49.19","VANCOUVER INTL A","1108395","2024-01-12","2024","01","12","","-6.4","","-13.4","","-9.9","","27.9","","0.0","","0.0","","0.0","","0.0","","1","","10","","44",""
"-123.18","49.19","VANCOUVER INTL A","1108395","2024-01-13","2024","01","13","","-3.2","","-13.7","","-8.5","","26.5","","0.0","","0.0","","0.0","","0.0","","","","34","","33",""
"-123.18","49.19","VANCOUVER INTL A","1108395","2024-01-14","2024","01","14","","-1.8","","-9.3","","-5.6","","23.6","","0.0","","0.0","","0.0","","0.0","","","","","M","","M"
"-123.18","49.19","VANCOUVER INTL A","1108395","2024-01-15","2024","01","15","","0.7","","-8.7","","-4.0","","22.0","","0.0","","0.0","","0.0","","0.0","","","","","M","","M"
"-123.18","49.19","VANCOUVER INTL A","1108395","2024-01-16","2024","01","16","","1.4","","-6.2","","-2.4","","20.4","","0.0","","0.0","","0.0","","0.0","","","","","M","","M"
"-123.18","49.19","VANCOUVER INTL A","1108395","2024-01-17","2024","01","17","","","M","","M","","M","","M","","M","0.0","","27.8","","24.6","","7","","12","","32",""
"-123.18","49.19","VANCOUVER INTL A","1108395","2024-01-18","2024","01","18","","0.2","","-3.8","","-1.8","","19.8","","0.0","","0.0","","6.0","","6.0","","23","","","M","","M"
"-123.18","49.19","VANCOUVER INTL A","1108395","2024-01-19","2024","01","19","","2.0","","-0.2","","0.9","","17.1","","0.0","","14.7","","0.0","","14.7","","21","","","M","","M"
"-123.18","49.19","VANCOUVER INTL A","1108395","2024-01-20","2024","01","20","","4.4","","0.8","","2.6","","15.4","","0.0","","0.0","","0.0","","0.0","","7","","","M","","M"
"-123.18","49.19","VANCOUVER INTL A","1108395","2024-01-21","2024","01","21","","7.5","","1.6","","4.6","","13.4","","0.0","","12.4","","0.0","","12.4","","6","","","M","","M"
"-123.18","49.19","VANCOUVER INTL A","1108395","2024-01-22","2024","01","22","","7.6","","4.9","","6.3","","11.7","","0.0","","14.4","","0.0","","14.4","","","","","M","","M"
"-123.18","49.19","VANCOUVER INTL A","1108395","2024-01-23","2024","01","23","","9.7","","6.7","","8.2","","9.8","","0.0","","13.5","","0.0","","13.5","","","","","M","","M"
"-123.18","49.19","VANCOUVER INTL A","1108395","2024-01-24","2024","01","24","","8.2","","5.9","","7.1","","10.9","","0.0","","13.3","","0.0","","13.3","","","","7","","41",""
"-123.18","49.19","VANCOUVER INTL A","1108395","2024-01-25","2024","01","25","","8.2","","7.0","","7.6","","10.4","","0.0","","4.9","","0.0","","4.9","","","","9","","33",""
"-123.18","49.19","VANCOUVER INTL A","1108395","2024-01-26","2024","01","26","","12.4","","7.3","","9.9","","8.1","","0.0","","11.9","","0.0","","11.9","","","","","M","","M"
"-123.18","49.19","VANCOUVER INTL A","1108395","2024-01-27","2024","01","27","","11.8","","7.8","","9.8","","8.2","","0.0","","39.7","","0.0","","39.7","","","","10","","35",""
"-123.18","49.19","VANCOUVER INTL A","1108395","2024-01-28","2024","01","28","","13.3","","8.9","","11.1","","6.9","","0.0","","16.1","","0.0","","16.1","","","","","M","","M"
"-123.18","49.19","VANCOUVER INTL A","1108395","2024-01-29","2024","01","29","","14.3","","8.2","","11.3","","6.7","","0.0","","4.6","","0.0","","4.6","","","","","M","","M"
"-123.18","49.19","VANCOUVER INTL A","1108395","2024-01-30","2024","01","30","","13.8","","9.2","","11.5","","6.5","","0.0","","1.8","","0.0","","1.8","","","","10","","32",""
"-123.18","49.19","VANCOUVER INTL A","1108395","2024-01-31","2024","01","31","","13.6","","8.8","","11.2","","6.8","","0.0","","8.9","","0.0","","8.9","","","","7","","48",""
"-123.18","49.19","VANCOUVER INTL A","1108395","2024-02-01","2024","02","01","","13.6","","8.5","","11.1","","6.9","","0.0","","1.5","","0.0","","1.5","","","","9","","36",""
"-123.18","49.19","VANCOUVER INTL A","1108395","2024-02-02","2024","02","02","","11.2","","7.3","","9.3","","8.7","","0.0","","0.3","","0.0","","0.3","","","","10","","36",""
"-123.18","49.19","VANCOUVER INTL A","1108395","2024-02-03","2024","02","03","","8.6","","4.0","","6.3","","11.7","","0.0","","0.2","","0.0","","0.2","","","","","M","","M"
"-123.18","49.19","VANCOUVER INTL A","1108395","2024-02-04","2024","02","04","","7.6","","1.4","","4.5","","13.5","","0.0","","0.0","","0.0","","0.0","","","","30","","31",""
"-123.18","49.19","VANCOUVER INTL A","1108395","2024-02-05","2024","02","05","","6.1","","0.3","","3.2","","14.8","","0.0","","0.0","","0.0","","0.0","","","","29","","32",""
"-123.18","49.19","VANCOUVER INTL A","1108395","2024-02-06","2024","02","06","","7.2","","3.1","","5.2","","12.8","","0.0","","0.0","","0.0","","0.0","","","","","M","","M"
"-123.18","49.19","VANCOUVER INTL A","1108395","2024-02-07","2024","02","07","","8.1","","2.2","","5.2","","12.8","","0.0","","0.8","","0.0","","0.8","","","","29","","43",""
"-123.18","49.19","VANCOUVER INTL A","1108395","2024-02-08","2024","02","08","","7.3","","3.9","","5.6","","12.4","","0.0","","0.0","","0.0","","0.0","","","","29","","36",""
"-123.18","49.19","VANCOUVER INTL A","1108395","2024-02-09","2024","02","09","","7.0","","-0.5","","3.3","","14.7","","0.0","","0.0","","0.0","","0.0","","","","","M","","M"
"-123.18","49.19","VANCOUVER INTL A","1108395","2024-02-10","2024","02","10","","8.0","","2.3","","5.2","","12.8","","0.0","","1.9","","0.0","","1.9","","","","","M","","M"
"-123.18","49.19","VANCOUVER INTL A","1108395","2024-02-11","2024","02","11","","7.5","","4.8","","6.2","","11.8","","0.0","","21.9","","0.0","","21.9","","","","","M","","M"
"-123.18","49.19","VANCOUVER INTL A","1108395","2024-02-12","2024","02","12","","8.0","","4.0","","6.0","","12.0","","0.0","","7.4","","0.0","","7.4","","","","29","","44",""
"-123.18","49.19","VANCOUVER INTL A","1108395","2024-02-13","2024","02","13","","7.8","","1.0","","4.4","","13.6","","0.0","","0.0","","0.0","","0.0","","","","30","","34",""
"-123.18","49.19","VANCOUVER INTL A","1108395","2024-02-14","2024","02","14","","7.6","","-2.0","","2.8","","15.2","","0.0","","0.0","","0.0","","0.0","","","","","M","","M"
"-123.18","49.19","VANCOUVER INTL A","1108395","2024-02-15","2024","02","15","","7.7","","-0.6","","3.6","","14.4","","0.0","","0.0","","0.0","","0.0","","","","10","","41",""
"-123.18","49.19","VANCOUVER INTL A","1108395","2024-02-16","2024","02","16","","10.4","","-3.9","","3.3","","14.7","","0.0","","0.0","","0.0","","0.0","","","","","M","","M"
"-123.18","49.19","VANCOUVER INTL A","1108395","2024-02-17","2024","02","17","","8.7","","0.7","","4.7","","13.3","","0.0","","0.0","","0.0","","0.0","","","","","M","","M"
"-123.18","49.19","VANCOUVER INTL A","1108395","2024-02-18","2024","02","18","","8.4","","3.3","","5.9","","12.1","","0.0","","0.0","","0.0","","0.0","","","","","M","","M"
"-123.18","49.19","VANCOUVER INTL A","1108395","2024-02-19","2024","02","19","","9.9","","1.5","","5.7","","12.3","","0.0","","3.4","","0.0","","3.4","","","","","M","","M"
"-123.18","49.19","VANCOUVER INTL A","1108395","2024-02-20","2024","02","20","","9.3","","5.0","","7.2","","10.8","","0.0","","3.6","","0.0","","3.6","","","","","M","","M"
"-123.18","49.19","VANCOUVER INTL A","1108395","2024-02-21","2024","02","21","","10.7","","6.4","","8.6","","9.4","","0.0","","9.1","","0.0","","9.1","","","","","M","","M"
"-123.18","49.19","VANCOUVER INTL A","1108395","2024-02-22","2024","02","22","","12.0","","5.1","","8.6","","9.4","","0.0","","5.3","","0.0","","5.3","","","","7","","32",""
"-123.18","49.19","VANCOUVER INTL A","1108395","2024-02-23","2024","02","23","","10.6","","1.5","","6.1","","11.9","","0.0","","0.0","","0.0","","0.0","","","","","M","","M"
"-123.18","49.19","VANCOUVER INTL A","1108395","2024-02-24","2024","02","24","","9.3","","6.0","","7.7","","10.3","","0.0","","0.5","","0.0","","0.5","","","","","M","","M"
"-123.18","49.19","VANCOUVER INTL A","1108395","2024-02-25","2024","02","25","","10.5","","2.0","","6.3","","11.7","","0.0","","5.6","","0.0","","5.6","","","","28","","61",""
"-123.18","49.19","VANCOUVER INTL A","1108395","2024-02-26","2024","02","26","","6.7","","1.6","","4.2","","13.8","","0.0","","0.0","","0.0","","0.0","","","","30","","68",""
"-123.18","49.19","VANCOUVER INTL A","1108395","2024-02-27","2024","02","27","","4.4","","-2.5","","1.0","","17.0","","0.0","","2.6","","1.0","","3.6","","0","T","28","","63",""
"-123.18","49.19","VANCOUVER INTL A","1108395","2024-02-28","2024","02","28","","8.9","","1.6","","5.3","","12.7","","0.0","","17.1","","0.0","T","17.1","","","","21","","53",""
"-123.18","49.19","VANCOUVER INTL A","1108395","2024-02-29","2024","02","29","","","M","","M","","M","","M","","M","4.5","","0.0","","4.5","","","","23","","48",""
"-123.18","49.19","VANCOUVER INTL A","1108395","2024-03-01","2024","03","01","","6.2","","2.6","","4.4","","13.6","","0.0","","2.6","","0.0","","2.6","","","","14","","52",""
"-123.18","49.19","VANCOUVER INTL A","1108395","2024-03-02","2024","03","02","","8.3","","0.5","","4.4","","13.6","","0.0","","0.0","","2.0","","2.0","","","","13","","43",""
"-123.18","49.19","VANCOUVER INTL A","1108395","2024-03-03","2024","03","03","","4.2","","0.6","","2.4","","15.6","","0.0","","20.7","","1.0","","21.7","","","","9","","39",""
"-123.18","49.19","VANCOUVER INTL A","1108395","2024-03-04","2024","03","04","","5.5","","0.4","","3.0","","15.0","","0.0","","0.2","","0.0","","0.2","","","","27","","34",""
"-123.18","49.19","VANCOUVER INTL A","1108395","2024-03-05","2024","03","05","","","M","","M","","M","","M","","M","","M","","M","","M","","","","M","","M"
"-123.18","49.19","VANCOUVER INTL A","1108395","2024-03-06","2024","03","06","","4.5","","-0.1","","2.2","","15.8","","0.0","","0.0","T","0.0","","0.0","T","0","T","","M","","M"
"-123.18","49.19","VANCOUVER INTL A","1108395","2024-03-07","2024","03","07","","7.0","","-1.9","","2.6","","15.4","","0.0","","0.0","","0.0","","0.0","","","","","M","","M"
"-123.18","49.19","VANCOUVER INTL A","1108395","2024-03-08","2024","03","08","","7.3","","3.4","","5.4","","12.6","","0.0","","1.6","","0.0","","1.6","","","","6","","35",""
"-123.18","49.19","VANCOUVER INTL A","1108395","2024-03-09","2024","03","09","","10.5","","5.2","","7.9","","10.1","","0.0","","0.5","","0.0","","0.5","","","","15","","71",""
"-123.18","49.19","VANCOUVER INTL A","1108395","2024-03-10","2024","03","10","","","M","","M","","M","","M","","M","0.4","","0.0","","0.4","","","","12","","61",""
"-123.18","49.19","VANCOUVER INTL A","1108395","2024-03-11","2024","03","11","","7.5","","2.8","","5.2","","12.8","","0.0","","12.3","","0.0","","12.3","","","","8","","48",""
"-123.18","49.19","VANCOUVER INTL A","1108395","2024-03-12","2024","03","12","","10.9","","5.6","","8.3","","9.7","","0.0","","2.4","","0.0","","2.4","","","","15","","37",""
"-123.18","49.19","VANCOUVER INTL A","1108395","2024-03-13","2024","03","13","","10.2","","3.2","","6.7","","11.3","","0.0","","0.0","","0.0","","0.0","","","","20","","39",""
"-123.18","49.19","VANCOUVER INTL A","1108395","2024-03-14","2024","03","14","","9.6","","0.6","","5.1","","12.9","","0.0","","0.0","","0.0","","0.0","","","","","M","","M"
"-123.18","49.19","VANCOUVER INTL A","1108395","2024-03-15","2024","03","15","","11.0","","1.9","","6.5","","11.5","","0.0","","0.0","","0.0","","0.0","","","","","M","","M"
"-123.18","49.19","VANCOUVER INTL A","1108395","2024-03-16","2024","03","16","","16.0","","1.5","","8.8","","9.2","","0.0","","0.0","","0.0","","0.0","","","","","M","","M"
"-123.18","49.19","VANCOUVER INTL A","1108395","2024-03-17","2024","03","17","","15.1","","4.6","","9.9","","8.1","","0.0","","0.0","","0.0","","0.0","","","","","M","","M"
"-123.18","49.19","VANCOUVER INTL A","1108395","2024-03-18","2024","03","18","","12.2","","3.1","","7.7","","10.3","","0.0","","0.0","","0.0","","0.0","","","","29","","31",""
"-123.18","49.19","VANCOUVER INTL A","1108395","2024-03-19","2024","03","19","","12.0","","3.9","","8.0","","10.0","","0.0","","0.0","","0.0","","0.0","","","","","M","","M"
"-123.18","49.19","VANCOUVER INTL A","1108395","2024-03-20","2024","03","20","","11.8","","4.7","","8.3","","9.7","","0.0","","1.2","","0.0","","1.2","","","","11","","35",""
"-123.18","49.19","VANCOUVER INTL A","1108395","2024-03-21","2024","03","21","","13.3","","6.7","","10.0","","8.0","","0.0","","0.0","","0.0","","0.0","","","","","M","","M"
"-123.18","49.19","VANCOUVER INTL A","1108395","2024-03-22","2024","03","22","","10.8","","7.5","","9.2","","8.8","","0.0","","4.1","","0.0","","4.1","","","","","M","","M"
"-123.18","49.19","VANCOUVER INTL A","1108395","2024-03-23","2024","03","23","","9.9","","6.9","","8.4","","9.6","","0.0","","9.0","","0.0","","9.0","","","","30","","31",""
"-123.18","49.19","VANCOUVER INTL A","1108395","2024-03-24","2024","03","24","","13.0","","1.4","","7.2","","10.8","","0.0","","0.0","","0.0","","0.0","","","","","M","","M"
"-123.18","49.19","VANCOUVER INTL A","1108395","2024-03-25","2024","03","25","","11.7","","7.2","","9.5","","8.5","","0.0","","0.4","","0.0","","0.4","","","","19","","39",""
"-123.18","49.19","VANCOUVER INTL A","1108395","2024-03-26","2024","03","26","","13.4","","6.7","","10.1","","7.9","","0.0","","10.8","","0.0","","10.8","","","","16","","32",""
"-123.18","49.19","VANCOUVER INTL A","1108395","2024-03-27","2024","03","27","","10.5","","5.5","","8.0","","10.0","","0.0","","27.2","","0.0","","27.2","","","","7","","42",""
"-123.18","49.19","VANCOUVER INTL A","1108395","2024-03-28","2024","03","28","","10.6","","5.5","","8.1","","9.9","","0.0","","2.0","","0.0","","2.0","","","","11","","55",""
"-123.18","49.19","VANCOUVER INTL A","1108395","2024-03-29","2024","03","29","","11.8","","5.9","","8.9","","9.1","","0.0","","2.2","","0.0","","2.2","","","","8","","32",""
"-123.18","49.19","VANCOUVER INTL A","1108395","2024-03-30","2024","03","30","","10.3","","1.9","","6.1","","11.9","","0.0","","0.0","","0.0","","0.0","","","","29","","33",""
"-123.18","49.19","VANCOUVER INTL A","1108395","2024-03-31","2024","03","31","","12.3","","1.6","","7.0","","11.0","","0.0","","0.0","","0.0","","0.0","","","","","M","","M"
"-123.18","49.19","VANCOUVER INTL A","1108395","2024-04-01","2024","04","01","","15.7","","5.8","","10.8","","7.2","","0.0","","0.0","","0.0","","0.0","","","","","M","","M"
"-123.18","49.19","VANCOUVER INTL A","1108395","2024-04-02","2024","04","02","","12.6","","7.6","","10.1","","7.9","","0.0","","3.8","","0.0","","3.8","","","","30","","42",""
"-123.18","49.19","VANCOUVER INTL A","1108395","2024-04-03","2024","04","03","","10.0","","4.3","","7.2","","10.8","","0.0","","0.0","","0.0","","0.0","","","","22","","42",""
"-123.18","49.19","VANCOUVER INTL A","1108395","2024-04-04","2024","04","04","","10.1","","3.7","","6.9","","11.1","","0.0","","0.0","","0.0","","0.0","","","","29","","52",""
"-123.18","49.19","VANCOUVER INTL A","1108395","2024-04-05","2024","04","05","","11.9","","4.8","","8.4","","9.6","","0.0","","0.0","","0.0","","0.0","","","","29","","31",""
"-123.18","49.19","VANCOUVER INTL A","1108395","2024-04-06","2024","04","06","","11.8","","3.2","","7.5","","10.5","","0.0","","0.8","","0.0","","0.8","","","","9","","31",""
"-123.18","49.19","VANCOUVER INTL A","1108395","2024-04-07","2024","04","07","","12.7","","4.8","","8.8","","9.2","","0.0","","0.2","","0.0","","0.2","","","","16","","38",""
"-123.18","49.19","VANCOUVER INTL A","1108395","2024-04-08","2024","04","08","","9.6","","5.9","","7.8","","10.2","","0.0","","8.8","","0.0","","8.8","","","","11","","50",""
"-123.18","49.19","VANCOUVER INTL A","1108395","2024-04-09","2024","04","09","","12.8","","5.7","","9.3","","8.7","","0.0","","0.0","","0.0","","0.0","","","","26","","34",""
"-123.18","49.19","VANCOUVER INTL A","1108395","2024-04-10","2024","04","10","","13.8","","2.8","","8.3","","9.7","","0.0","","0.0","","0.0","","0.0","","","","","M","","M"
"-123.18","49.19","VANCOUVER INTL A","1108395","2024-04-11","2024","04","11","","10.2","","7.2","","8.7","","9.3","","0.0","","5.0","","0.0","","5.0","","","","","M","","M"
"-123.18","49.19","VANCOUVER INTL A","1108395","2024-04-12","2024","04","12","","11.6","","6.7","","9.2","","8.8","","0.0","","0.2","","0.0","","0.2","","","","28","","44",""
"-123.18","49.19","VANCOUVER INTL A","1108395","2024-04-13","2024","04","13","","12.5","","7.0","","9.8","","8.2","","0.0","","0.0","","0.0","","0.0","","","","30","","42",""
"-123.18","49.19","VANCOUVER INTL A","1108395","2024-04-14","2024","04","14","","12.7","","4.6","","8.7","","9.3","","0.0","","0.0","","0.0","","0.0","","","","","M","","M"
"-123.18","49.19","VANCOUVER INTL A","1108395","2024-04-15","2024","04","15","","","M","","M","","M","","M","","M","0.4","","0.0","","0.4","","","","25","","48",""
"-123.18","49.19","VANCOUVER INTL A","1108395","2024-04-16","2024","04","16","","11.8","","5.3","","8.6","","9.4","","0.0","","0.0","","0.0","","0.0","","","","29","","50",""
"-123.18","49.19","VANCOUVER INTL A","1108395","2024-04-17","2024","04","17","","12.6","","0.0","","6.3","","11.7","","0.0","","0.0","","0.0","","0.0","","","","","M","","M"
"-123.18","49.19","VANCOUVER INTL A","1108395","2024-04-18","2024","04","18","","14.1","","2.5","","8.3","","9.7","","0.0","","0.0","","0.0","","0.0","","","","29","","35",""
"-123.18","49.19","VANCOUVER INTL A","1108395","2024-04-19","2024","04","19","","15.5","","2.7","","9.1","","8.9","","0.0","","0.0","","0.0","","0.0","","","","","M","","M"
"-123.18","49.19","VANCOUVER INTL A","1108395","2024-04-20","2024","04","20","","20.7","","4.0","","12.4","","5.6","","0.0","","1.4","","0.0","","1.4","","","","24","","67",""
"-123.18","49.19","VANCOUVER INTL A","1108395","2024-04-21","2024","04","21","","13.5","","5.8","","9.7","","8.3","","0.0","","0.0","","0.0","","0.0","","","","18","","41",""
"-123.18","49.19","VANCOUVER INTL A","1108395","2024-04-22","2024","04","22","","13.8","","3.5","","8.7","","9.3","","0.0","","0.0","","0.0","","0.0","","","","29","","32",""
"-123.18","49.19","VANCOUVER INTL A","1108395","2024-04-23","2024","04","23","","18.4","","3.3","","10.9","","7.1","","0.0","","0.0","","0.0","","0.0","","","","","M","","M"
"-123.18","49.19","VANCOUVER INTL A","1108395","2024-04-24","2024","04","24","","12.1","","8.8","","10.5","","7.5","","0.0","","3.3","","0.0","","3.3","","","","31","","42",""
"-123.18","49.19","VANCOUVER INTL A","1108395","2024-04-25","2024","04","25","","10.7","","8.0","","9.4","","8.6","","0.0","","21.7","","0.0","","21.7","","","","","M","","M"
"-123.18","49.19","VANCOUVER INTL A","1108395","2024-04-26","2024","04","26","","14.6","","8.7","","11.7","","6.3","","0.0","","6.6","","0.0","","6.6","","","","","M","","M"
"-123.18","49.19","VANCOUVER INTL A","1108395","2024-04-27","2024","04","27","","11.1","","8.8","","10.0","","8.0","","0.0","","6.8","","0.0","","6.8","","","","14","","40",""
"-123.18","49.19","VANCOUVER INTL A","1108395","2024-04-28","2024","04","28","","12.8","","7.9","","10.4","","7.6","","0.0","","0.5","","0.0","","0.5","","","","20","","46",""
"-123.18","49.19","VANCOUVER INTL A","1108395","2024-04-29","2024","04","29","","","M","","M","","M","","M","","M","0.0","","0.0","","0.0","","","","22","","37",""
"-123.18","49.19","VANCOUVER INTL A","1108395","2024-04-30","2024","04","30","","12.7","","5.1","","8.9","","9.1","","0.0","","0.2","","0.0","","0.2","","","","28","","32",""
"-123.18","49.19","VANCOUVER INTL A","1108395","2024-05-01","2024","05","01","","14.3","","4.2","","9.3","","8.7","","0.0","","0.0","","0.0","","0.0","","","","","M","","M"
"-123.18","49.19","VANCOUVER INTL A","1108395","2024-05-02","2024","05","02","","15.7","","3.7","","9.7","","8.3","","0.0","","0.0","","0.0","","0.0","","","","29","","31",""
"-123.18","49.19","VANCOUVER INTL A","1108395","2024-05-03","2024","05","03","","20.2","","6.7","","13.5","","4.5","","0.0","","0.0","","0.0","","0.0","","","","","M","","M"
"-123.18","49.19","VANCOUVER INTL A","1108395","2024-05-04","2024","05","04","","16.6","","10.1","","13.4","","4.6","","0.0","","0.0","","0.0","","0.0","","","","29","","43",""
"-123.18","49.19","VANCOUVER INTL A","1108395","2024-05-05","2024","05","05","","13.1","","9.7","","11.4","","6.6","","0.0","","4.7","","0.0","","4.7","","","","20","","43",""
"-123.18","49.19","VANCOUVER INTL A","1108395","2024-05-06","2024","05","06","","15.1","","8.0","","11.6","","6.4","","0.0","","0.2","","0.0","","0.2","","","","28","","42",""
"-123.18","49.19","VANCOUVER INTL A","1108395","2024-05-07","2024","05","07","","18.3","","8.1","","13.2","","4.8","","0.0","","0.0","","0.0","","0.0","","","","28","","48",""
"-123.18","49.19","VANCOUVER INTL A","1108395","2024-05-08","2024","05","08","","15.7","","6.2","","11.0","","7.0","","0.0","","0.0","","0.0","","0.0","","","","","M","","M"
"-123.18","49.19","VANCOUVER INTL A","1108395","2024-05-09","2024","05","09","","18.1","","5.7","","11.9","","6.1","","0.0","","0.0","","0.0","","0.0","","","","30","","37",""
"-123.18","49.19","VANCOUVER INTL A","1108395","2024-05-10","2024","05","10","","21.1","","7.8","","14.5","","3.5","","0.0","","0.0","","0.0","","0.0","","","","","M","","M"
"-123.18","49.19","VANCOUVER INTL A","1108395","2024-05-11","2024","05","11","","20.5","","9.7","","15.1","","2.9","","0.0","","0.0","","0.0","","0.0","","","","","M","","M"
"-123.18","49.19","VANCOUVER INTL A","1108395","2024-05-12","2024","05","12","","18.5","","12.3","","15.4","","2.6","","0.0","","0.0","","0.0","","0.0","","","","28","","40",""
"-123.18","49.19","VANCOUVER INTL A","1108395","2024-05-13","2024","05","13","","17.5","","11.9","","14.7","","3.3","","0.0","","0.0","","0.0","","0.0","","","","29","","36",""
"-123.18","49.19","VANCOUVER INTL A","1108395","2024-05-14","2024","05","14","","17.4","","8.8","","13.1","","4.9","","0.0","","0.0","","0.0","","0.0","","","","29","","33",""
"-123.18","49.19","VANCOUVER INTL A","1108395","2024-05-15","2024","05","15","","","M","","M","","M","","M","","M","0.0","","0.0","","0.0","","","","18","","32",""
"-123.18","49.19","VANCOUVER INTL A","1108395","2024-05-16","2024","05","16","","19.6","","11.2","","15.4","","2.6","","0.0","","0.0","","0.0","","0.0","","","","29","","60",""
"-123.18","49.19","VANCOUVER INTL A","1108395","2024-05-17","2024","05","17","","16.1","","8.8","","12.5","","5.5","","0.0","","0.0","","0.0","","0.0","","","","28","","70",""
"-123.18","49.19","VANCOUVER INTL A","1108395","2024-05-18","2024","05","18","","13.6","","8.3","","11.0","","7.0","","0.0","","2.6","","0.0","","2.6","","","","","M","","M"
"-123.18","49.19","VANCOUVER INTL A","1108395","2024-05-19","2024","05","19","","15.3","","8.4","","11.9","","6.1","","0.0","","0.0","","0.0","","0.0","","","","28","","31",""
"-123.18","49.19","VANCOUVER INTL A","1108395","2024-05-20","2024","05","20","","16.8","","7.6","","12.2","","5.8","","0.0","","0.0","","0.0","","0.0","","","","20","","34",""
"-123.18","49.19","VANCOUVER INTL A","1108395","2024-05-21","2024","05","21","","12.1","","8.5","","10.3","","7.7","","0.0","","20.2","","0.0","","20.2","","","","29","","82",""
"-123.18","49.19","VANCOUVER INTL A","1108395","2024-05-22","2024","05","22","","15.8","","7.3","","11.6","","6.4","","0.0","","0.0","T","0.0","","0.0","T","","","29","","59",""
"-123.18","49.19","VANCOUVER INTL A","1108395","2024-05-23","2024","05","23","","16.4","","9.2","","12.8","","5.2","","0.0","","0.0","","0.0","","0.0","","","","12","","40",""
"-123.18","49.19","VANCOUVER INTL A","1108395","2024-05-24","2024","05","24","","13.2","","10.3","","11.8","","6.2","","0.0","","3.8","","0.0","","3.8","","","","","M","","M"
"-123.18","49.19","VANCOUVER INTL A","1108395","2024-05-25","2024","05","25","","15.0","","9.4","","12.2","","5.8","","0.0","","1.8","","0.0","","1.8","","","","28","","44",""
"-123.18","49.19","VANCOUVER INTL A","1108395","2024-05-26","2024","05","26","","12.6","","9.0","","10.8","","7.2","","0.0","","10.4","","0.0","","10.4","","","","13","","37",""
"-123.18","49.19","VANCOUVER INTL A","1108395","2024-05-27","2024","05","27","","16.8","","10.5","","13.7","","4.3","","0.0","","0.0","","0.0","","0.0","","","","","M","","M"
"-123.18","49.19","VANCOUVER INTL A","1108395","2024-05-28","2024","05","28","","15.9","","10.8","","13.4","","4.6","","0.0","","9.2","","0.0","","9.2","","","","22","","35",""
"-123.18","49.19","VANCOUVER INTL A","1108395","2024-05-29","2024","05","29","","14.8","","6.2","","10.5","","7.5","","0.0","","1.0","","0.0","","1.0","","","","23","","35",""
"-123.18","49.19","VANCOUVER INTL A","1108395","2024-05-30","2024","05","30","","16.1","","8.9","","12.5","","5.5","","0.0","","0.0","","0.0","","0.0","","","","","M","","M"
"-123.18","49.19","VANCOUVER INTL A","1108395","2024-05-31","2024","05","31","","17.4","","6.8","","12.1","","5.9","","0.0","","0.0","","0.0","","0.0","","","","","M","","M"
"-123.18","49.19","VANCOUVER INTL A","1108395","2024-06-01","2024","06","01","","18.0","","11.4","","14.7","","3.3","","0.0","","4.0","","0.0","","4.0","","","","","M","","M"
"-123.18","49.19","VANCOUVER INTL A","1108395","2024-06-02","2024","06","02","","13.8","","11.2","","12.5","","5.5","","0.0","","19.0","","0.0","","19.0","","","","18","","39",""
"-123.18","49.19","VANCOUVER INTL A","1108395","2024-06-03","2024","06","03","","","M","","M","","M","","M","","M","10.5","","0.0","","10.5","","","","19","","48",""
"-123.18","49.19","VANCOUVER INTL A","1108395","2024-06-04","2024","06","04","","17.1","","10.0","","13.6","","4.4","","0.0","","5.6","","0.0","","5.6","","","","14","","56",""
"-123.18","49.19","VANCOUVER INTL A","1108395","2024-06-05","2024","06","05","","17.8","","8.1","","13.0","","5.0","","0.0","","0.0","","0.0","","0.0","","","","21","","35",""
"-123.18","49.19","VANCOUVER INTL A","1108395","2024-06-06","2024","06","06","","18.1","","8.0","","13.1","","4.9","","0.0","","0.0","","0.0","","0.0","","","","24","","37",""
"-123.18","49.19","VANCOUVER INTL A","1108395","2024-06-07","2024","06","07","","19.8","","8.4","","14.1","","3.9","","0.0","","0.0","","0.0","","0.0","","","","31","","40",""
"-123.18","49.19","VANCOUVER INTL A","1108395","2024-06-08","2024","06","08","","22.7","","10.2","","16.5","","1.5","","0.0","","0.0","","0.0","","0.0","","","","","M","","M"
"-123.18","49.19","VANCOUVER INTL A","1108395","2024-06-09","2024","06","09","","22.5","","12.1","","17.3","","0.7","","0.0","","0.0","","0.0","","0.0","","","","12","","35",""
"-123.18","49.19","VANCOUVER INTL A","1108395","2024-06-10","2024","06","10","","19.6","","10.6","","15.1","","2.9","","0.0","","0.0","","0.0","","0.0","","","","9","","38",""
"-123.18","49.19","VANCOUVER INTL A","1108395","2024-06-11","2024","06","11","","18.8","","12.3","","15.6","","2.4","","0.0","","2.0","","0.0","","2.0","","","","19","","59",""
"-123.18","49.19","VANCOUVER INTL A","1108395","2024-06-12","2024","06","12","","17.3","","10.1","","13.7","","4.3","","0.0","","1.2","","0.0","","1.2","","","","29","","31",""
"-123.18","49.19","VANCOUVER INTL A","1108395","2024-06-13","2024","06","13","","19.6","","8.0","","13.8","","4.2","","0.0","","0.0","","0.0","","0.0","","","","19","","35",""
"-123.18","49.19","VANCOUVER INTL A","1108395","2024-06-14","2024","06","14","","17.1","","9.8","","13.5","","4.5","","0.0","","0.9","","0.0","","0.9","","","","19","","40",""
"-123.18","49.19","VANCOUVER INTL A","1108395","2024-06-15","2024","06","15","","16.0","","10.2","","13.1","","4.9","","0.0","","0.0","T","0.0","","0.0","T","","","","M","","M"
"-123.18","49.19","VANCOUVER INTL A","1108395","2024-06-16","2024","06","16","","14.5","","9.4","","12.0","","6.0","","0.0","","5.8","","0.0","","5.8","","","","32","","36",""
"-123.18","49.19","VANCOUVER INTL A","1108395","2024-06-17","2024","06","17","","16.4","","11.2","","13.8","","4.2","","0.0","","0.8","","0.0","","0.8","","","","","M","","M"
"-123.18","49.19","VANCOUVER INTL A","1108395","2024-06-18","2024","06","18","","18.2","","11.7","","15.0","","3.0","","0.0","","0.0","","0.0","","0.0","","","","20","","37",""
"-123.18","49.19","VANCOUVER INTL A","1108395","2024-06-19","2024","06","19","","21.0","","9.2","","15.1","","2.9","","0.0","","0.0","","0.0","","0.0","","","","","M","","M"
"-123.18","49.19","VANCOUVER INTL A","1108395","2024-06-20","2024","06","20","","23.1","","10.3","","16.7","","1.3","","0.0","","0.0","","0.0","","0.0","","","","31","","33",""
"-123.18","49.19","VANCOUVER INTL A","1108395","2024-06-21","2024","06","21","","24.2","","11.8","","18.0","","0.0","","0.0","","0.0","","0.0","","0.0","","","","","M","","M"
"-123.18","49.19","VANCOUVER INTL A","1108395","2024-06-22","2024","06","22","","21.3","","15.0","","18.2","","0.0","","0.2","","0.0","","0.0","","0.0","","","","11","","36",""
"-123.18","49.19","VANCOUVER INTL A","1108395","2024-06-23","2024","06","23","","19.9","","12.3","","16.1","","1.9","","0.0","","0.0","","0.0","","0.0","","","","20","","44",""
"-123.18","49.19","VANCOUVER INTL A","1108395","2024-06-24","2024","06","24","","19.9","","11.3","","15.6","","2.4","","0.0","","0.0","","0.0","","0.0","","","","19","","36",""
"-123.18","49.19","VANCOUVER INTL A","1108395","2024-06-25","2024","06","25","","","M","","M","","M","","M","","M","0.0","","0.0","","0.0","","","","31","","33",""
"-123.18","49.19","VANCOUVER INTL A","1108395","2024-06-26","2024","06","26","","","M","","M","","M","","M","","M","2.7","","0.0","","2.7","","","","13","","36",""
"-123.18","49.19","VANCOUVER INTL A","1108395","2024-06-27","2024","06","27","","15.6","","12.7","","14.2","","3.8","","0.0","","5.6","","0.0","","5.6","","","","21","","32",""
"-123.18","49.19","VANCOUVER INTL A","1108395","2024-06-28","2024","06","28","","18.6","","11.4","","15.0","","3.0","","0.0","","5.8","","0.0","","5.8","","","","18","","35",""
"-123.18","49.19","VANCOUVER INTL A","1108395","2024-06-29","2024","06","29","","20.5","","14.5","","17.5","","0.5","","0.0","","0.2","","0.0","","0.2","","","","","M","","M"
"-123.18","49.19","VANCOUVER INTL A","1108395","2024-06-30","2024","06","30","","23.5","","14.8","","19.2","","0.0","","1.2","","0.0","","0.0","","0.0","","","","16","","36",""
"-123.18","49.19","VANCOUVER INTL A","1108395","2024-07-01","2024","07","01","","20.7","","13.8","","17.3","","0.7","","0.0","","0.0","","0.0","","0.0","","","","20","","33",""
"-123.18","49.19","VANCOUVER INTL A","1108395","2024-07-02","2024","07","02","","20.1","","12.7","","16.4","","1.6","","0.0","","0.0","","0.0","","0.0","","","","21","","35",""
"-123.18","49.19","VANCOUVER INTL A","1108395","2024-07-03","2024","07","03","","20.0","","11.1","","15.6","","2.4","","0.0","","0.0","","0.0","","0.0","","","","","M","","M"
"-123.18","49.19","VANCOUVER INTL A","1108395","2024-07-04","2024","07","04","","21.5","","12.0","","16.8","","1.2","","0.0","","0.0","","0.0","","0.0","","","","","M","","M"
"-123.18","49.19","VANCOUVER INTL A","1108395","2024-07-05","2024","07","05","","24.2","","12.7","","18.5","","0.0","","0.5","","0.0","","0.0","","0.0","","","","28","","62",""
"-123.18","49.19","VANCOUVER INTL A","1108395","2024-07-06","2024","07","06","","24.0","","15.0","","19.5","","0.0","","1.5","","0.0","","0.0","","0.0","","","","29","","54",""
"-123.18","49.19","VANCOUVER INTL A","1108395","2024-07-07","2024","07","07","","27.6","","13.1","","20.4","","0.0","","2.4","","0.0","","0.0","","0.0","","","","","M","","M"
"-123.18","49.19","VANCOUVER INTL A","1108395","2024-07-08","2024","07","08","","","M","","M","","M","","M","","M","0.0","","0.0","","0.0","","","","","M","","M"
"-123.18","49.19","VANCOUVER INTL A","1108395","2024-07-09","2024","07","09","","","M","","M","","M","","M","","M","0.0","","0.0","","0.0","","","","","M","","M"
"-123.18","49.19","VANCOUVER INTL A","1108395","2024-07-10","2024","07","10","","24.8","","14.6","","19.7","","0.0","","1.7","","0.0","","0.0","","0.0","","","","","M","","M"
"-123.18","49.19","VANCOUVER INTL A","1108395","2024-07-11","2024","07","11","","22.9","","14.7","","18.8","","0.0","","0.8","","0.0","","0.0","","0.0","","","","28","","38",""
"-123.18","49.19","VANCOUVER INTL A","1108395","2024-07-12","2024","07","12","","22.6","","14.4","","18.5","","0.0","","0.5","","0.0","","0.0","","0.0","","","","29","","36",""
"-123.18","49.19","VANCOUVER INTL A","1108395","2024-07-13","2024","07","13","","23.6","","16.6","","20.1","","0.0","","2.1","","0.0","","0.0","","0.0","","","","29","","36",""
"-123.18","49.19","VANCOUVER INTL A","1108395","2024-07-14","2024","07","14","","25.0","","15.9","","20.5","","0.0","","2.5","","0.0","","0.0","","0.0","","","","","M","","M"
"-123.18","49.19","VANCOUVER INTL A","1108395","2024-07-15","2024","07","15","","23.0","","14.6","","18.8","","0.0","","0.8","","0.0","","0.0","","0.0","","","","20","","42",""
"-123.18","49.19","VANCOUVER INTL A","1108395","2024-07-16","2024","07","16","","24.5","","14.4","","19.5","","0.0","","1.5","","0.0","","0.0","","0.0","","","","","M","","M"
"-123.18","49.19","VANCOUVER INTL A","1108395","2024-07-17","2024","07","17","","28.1","","15.8","","22.0","","0.0","","4.0","","0.0","","0.0","","0.0","","","","","M","","M"
"-123.18","49.19","VANCOUVER INTL A","1108395","2024-07-18","2024","07","18","","26.3","","16.4","","21.4","","0.0","","3.4","","0.0","","0.0","","0.0","","","","12","","39",""
"-123.18","49.19","VANCOUVER INTL A","1108395","2024-07-19","2024","07","19","","27.1","","15.2","","21.2","","0.0","","3.2","","0.0","","0.0","","0.0","","","","10","","33",""
"-123.18","49.19","VANCOUVER INTL A","1108395","2024-07-20","2024","07","20","","26.2","","14.8","","20.5","","0.0","","2.5","","0.0","","0.0","","0.0","","","","","M","","M"
"-123.18","49.19","VANCOUVER INTL A","1108395","2024-07-21","2024","07","21","","22.8","","15.3","","19.1","","0.0","","1.1","","0.0","","0.0","","0.0","","","","28","","43",""
"-123.18","49.19","VANCOUVER INTL A","1108395","2024-07-22","2024","07","22","","22.5","","13.4","","18.0","","0.0","","0.0","","0.0","","0.0","","0.0","","","","11","","41",""
"-123.18","49.19","VANCOUVER INTL A","1108395","2024-07-23","2024","07","23","","22.0","","12.9","","17.5","","0.5","","0.0","","0.0","","0.0","","0.0","","","","10","","44",""
"-123.18","49.19","VANCOUVER INTL A","1108395","2024-07-24","2024","07","24","","23.8","","12.5","","18.2","","0.0","","0.2","","0.0","","0.0","","0.0","","","","29","","35",""
"-123.18","49.19","VANCOUVER INTL A","1108395","2024-07-25","2024","07","25","","21.6","","15.6","","18.6","","0.0","","0.6","","0.0","T","0.0","","0.0","T","","","19","","43",""
"-123.18","49.19","VANCOUVER INTL A","1108395","2024-07-26","2024","07","26","","21.3","","12.0","","16.7","","1.3","","0.0","","0.0","","0.0","","0.0","","","","","M","","M"
"-123.18","49.19","VANCOUVER INTL A","1108395","2024-07-27","2024","07","27","","21.4","","13.6","","17.5","","0.5","","0.0","","0.0","","0.0","","0.0","","","","","M","","M"
"-123.18","49.19","VANCOUVER INTL A","1108395","2024-07-28","2024","07","28","","22.1","","13.2","","17.7","","0.3","","0.0","","0.0","","0.0","","0.0","","","","12","","36",""
"-123.18","49.19","VANCOUVER INTL A","1108395","2024-07-29","2024","07","29","","18.1","","15.1","","16.6","","1.4","","0.0","","19.0","","0.0","","19.0","","","","","M","","M"
"-123.18","49.19","VANCOUVER INTL A","1108395","2024-07-30","2024","07","30","","21.2","","15.6","","18.4","","0.0","","0.4","","0.0","T","0.0","","0.0","T","","","","M","","M"
"-123.18","49.19","VANCOUVER INTL A","1108395","2024-07-31","2024","07","31","","21.8","","16.7","","19.3","","0.0","","1.3","","0.8","","0.0","","0.8","","","","","M","","M"
"-123.18","49.19","VANCOUVER INTL A","1108395","2024-08-01","2024","08","01","","23.8","","14.7","","19.3","","0.0","","1.3","","0.0","","0.0","","0.0","","","","29","","31",""
"-123.18","49.19","VANCOUVER INTL A","1108395","2024-08-02","2024","08","02","","26.6","","16.1","","21.4","","0.0","","3.4","","0.0","","0.0","","0.0","","","","","M","","M"
"-123.18","49.19","VANCOUVER INTL A","1108395","2024-08-03","2024","08","03","","24.2","","13.7","","19.0","","0.0","","1.0","","0.0","","0.0","","0.0","","","","20","","33",""
"-123.18","49.19","VANCOUVER INTL A","1108395","2024-08-04","2024","08","04","","26.9","","14.3","","20.6","","0.0","","2.6","","0.0","","0.0","","0.0","","","","19","","32",""
"-123.18","49.19","VANCOUVER INTL A","1108395","2024-08-05","2024","08","05","","26.4","","14.7","","20.6","","0.0","","2.6","","0.0","","0.0","","0.0","","","","","M","","M"
"-123.18","49.19","VANCOUVER INTL A","1108395","2024-08-06","2024","08","06","","","M","","M","","M","","M","","M","0.0","","0.0","","0.0","","","","14","","36",""
"-123.18","49.19","VANCOUVER INTL A","1108395","2024-08-07","2024","08","07","","23.2","","13.9","","18.6","","0.0","","0.6","","0.0","","0.0","","0.0","","","","","M","","M"
"-123.18","49.19","VANCOUVER INTL A","1108395","2024-08-08","2024","08","08","","24.6","","14.3","","19.5","","0.0","","1.5","","0.0","","0.0","","0.0","","","","","M","","M"
"-123.18","49.19","VANCOUVER INTL A","1108395","2024-08-09","2024","08","09","","26.9","","15.8","","21.4","","0.0","","3.4","","0.0","","0.0","","0.0","","","","","M","","M"
"-123.18","49.19","VANCOUVER INTL A","1108395","2024-08-10","2024","08","10","","25.0","","15.8","","20.4","","0.0","","2.4","","0.0","","0.0","","0.0","","","","21","","38",""
"-123.18","49.19","VANCOUVER INTL A","1108395","2024-08-11","2024","08","11","","21.7","","15.9","","18.8","","0.0","","0.8","","0.3","","0.0","","0.3","","","","11","","36",""
"-123.18","49.19","VANCOUVER INTL A","1108395","2024-08-12","2024","08","12","","19.1","","15.9","","17.5","","0.5","","0.0","","0.0","","0.0","","0.0","","","","","M","","M"
"-123.18","49.19","VANCOUVER INTL A","1108395","2024-08-13","2024","08","13","","21.0","","16.4","","18.7","","0.0","","0.7","","0.0","T","0.0","","0.0","T","","","","M","","M"
"-123.18","49.19","VANCOUVER INTL A","1108395","2024-08-14","2024","08","14","","","M","","M","","M","","M","","M","0.0","","0.0","","0.0","","","","","M","","M"
"-123.18","49.19","VANCOUVER INTL A","1108395","2024-08-15","2024","08","15","","24.0","","13.7","","18.9","","0.0","","0.9","","0.0","","0.0","","0.0","","","","","M","","M"
"-123.18","49.19","VANCOUVER INTL A","1108395","2024-08-16","2024","08","16","","22.1","","14.8","","18.5","","0.0","","0.5","","0.0","","0.0","","0.0","","","","","M","","M"
"-123.18","49.19","VANCOUVER INTL A","1108395","2024-08-17","2024","08","17","","23.7","","13.2","","18.5","","0.0","","0.5","","0.0","","0.0","","0.0","","","","29","","45",""
"-123.18","49.19","VANCOUVER INTL A","1108395","2024-08-18","2024","08","18","","23.5","","16.1","","19.8","","0.0","","1.8","","9.7","","0.0","","9.7","","","","16","","49",""
"-123.18","49.19","VANCOUVER INTL A","1108395","2024-08-19","2024","08","19","","23.2","","13.5","","18.4","","0.0","","0.4","","1.5","","0.0","","1.5","","","","","M","","M"
"-123.18","49.19","VANCOUVER INTL A","1108395","2024-08-20","2024","08","20","","21.9","","15.4","","18.7","","0.0","","0.7","","0.5","","0.0","","0.5","","","","","M","","M"
"-123.18","49.19","VANCOUVER INTL A","1108395","2024-08-21","2024","08","21","","19.5","","14.3","","16.9","","1.1","","0.0","","0.0","","0.0","","0.0","","","","11","","31",""
"-123.18","49.19","VANCOUVER INTL A","1108395","2024-08-22","2024","08","22","","18.8","","14.0","","16.4","","1.6","","0.0","","1.4","","0.0","","1.4","","","","29","","33",""
"-123.18","49.19","VANCOUVER INTL A","1108395","2024-08-23","2024","08","23","","16.8","","13.4","","15.1","","2.9","","0.0","","6.2","","0.0","","6.2","","","","17","","32",""
"-123.18","49.19","VANCOUVER INTL A","1108395","2024-08-24","2024","08","24","","19.9","","12.9","","16.4","","1.6","","0.0","","26.7","","0.0","","26.7","","","","9","","34",""
"-123.18","49.19","VANCOUVER INTL A","1108395","2024-08-25","2024","08","25","","21.4","","13.3","","17.4","","0.6","","0.0","","0.4","","0.0","","0.4","","","","","M","","M"
"-123.18","49.19","VANCOUVER INTL A","1108395","2024-08-26","2024","08","26","","19.1","","14.4","","16.8","","1.2","","0.0","","12.7","","0.0","","12.7","","","","","M","","M"
"-123.18","49.19","VANCOUVER INTL A","1108395","2024-08-27","2024","08","27","","18.3","","12.8","","15.6","","2.4","","0.0","","0.0","","0.0","","0.0","","","","29","","57",""
"-123.18","49.19","VANCOUVER INTL A","1108395","2024-08-28","2024","08","28","","17.9","","8.5","","13.2","","4.8","","0.0","","0.0","","0.0","","0.0","","","","","M","","M"
"-123.18","49.19","VANCOUVER INTL A","1108395","2024-08-29","2024","08","29","","19.9","","10.2","","15.1","","2.9","","0.0","","0.0","","0.0","","0.0","","","","","M","","M"
"-123.18","49.19","VANCOUVER INTL A","1108395","2024-08-30","2024","08","30","","21.1","","10.8","","16.0","","2.0","","0.0","","0.0","","0.0","","0.0","","","","","M","","M"
"-123.18","49.19","VANCOUVER INTL A","1108395","2024-08-31","2024","08","31","","22.0","","12.5","","17.3","","0.7","","0.0","","0.0","","0.0","","0.0","","","","","M","","M"
"-123.18","49.19","VANCOUVER INTL A","1108395","2024-09-01","2024","09","01","","23.4","","13.5","","18.5","","0.0","","0.5","","0.0","","0.0","","0.0","","","","","M","","M"
"-123.18","49.19","VANCOUVER INTL A","1108395","2024-09-02","2024","09","02","","20.9","","14.9","","17.9","","0.1","","0.0","","0.0","","0.0","","0.0","","","","11","","32",""
"-123.18","49.19","VANCOUVER INTL A","1108395","2024-09-03","2024","09","03","","19.5","","14.2","","16.9","","1.1","","0.0","","0.0","","0.0","","0.0","","","","","M","","M"
"-123.18","49.19","VANCOUVER INTL A","1108395","2024-09-04","2024","09","04","","22.0","","11.7","","16.9","","1.1","","0.0","","0.0","","0.0","","0.0","","","","","M","","M"
"-123.18","49.19","VANCOUVER INTL A","1108395","2024-09-05","2024","09","05","","24.7","","13.1","","18.9","","0.0","","0.9","","0.0","","0.0","","0.0","","","","","M","","M"
"-123.18","49.19","VANCOUVER INTL A","1108395","2024-09-06","2024","09","06","","23.2","","13.8","","18.5","","0.0","","0.5","","0.0","","0.0","","0.0","","","","","M","","M"
"-123.18","49.19","VANCOUVER INTL A","1108395","2024-09-07","2024","09","07","","21.4","","16.3","","18.9","","0.0","","0.9","","0.0","","0.0","","0.0","","","","30","","31",""
"-123.18","49.19","VANCOUVER INTL A","1108395","2024-09-08","2024","09","08","","21.9","","15.4","","18.7","","0.0","","0.7","","0.0","","0.0","","0.0","","","","","M","","M"
"-123.18","49.19","VANCOUVER INTL A","1108395","2024-09-09","2024","09","09","","20.2","","13.2","","16.7","","1.3","","0.0","","0.0","","0.0","","0.0","","","","","M","","M"
"-123.18","49.19","VANCOUVER INTL A","1108395","2024-09-10","2024","09","10","","21.3","","10.9","","16.1","","1.9","","0.0","","0.0","T","0.0","","0.0","T","","","","M","","M"
"-123.18","49.19","VANCOUVER INTL A","1108395","2024-09-11","2024","09","11","","17.8","","13.3","","15.6","","2.4","","0.0","","0.4","","0.0","","0.4","","","","","M","","M"
"-123.18","49.19","VANCOUVER INTL A","1108395","2024-09-12","2024","09","12","","18.8","","11.0","","14.9","","3.1","","0.0","","0.0","","0.0","","0.0","","","","","M","","M"
"-123.18","49.19","VANCOUVER INTL A","1108395","2024-09-13","2024","09","13","","17.0","","11.5","","14.3","","3.7","","0.0","","11.9","","0.0","","11.9","","","","10","","31",""
"-123.18","49.19","VANCOUVER INTL A","1108395","2024-09-14","2024","09","14","","18.7","","13.3","","16.0","","2.0","","0.0","","5.6","","0.0","","5.6","","","","13","","35",""
"-123.18","49.19","VANCOUVER INTL A","1108395","2024-09-15","2024","09","15","","17.8","","11.6","","14.7","","3.3","","0.0","","0.0","","0.0","","0.0","","","","29","","44",""
"-123.18","49.19","VANCOUVER INTL A","1108395","2024-09-16","2024","09","16","","18.0","","9.9","","14.0","","4.0","","0.0","","0.0","","0.0","","0.0","","","","","M","","M"
"-123.18","49.19","VANCOUVER INTL A","1108395","2024-09-17","2024","09","17","","16.7","","11.1","","13.9","","4.1","","0.0","","0.0","","0.0","","0.0","","","","11","","38",""
"-123.18","49.19","VANCOUVER INTL A","1108395","2024-09-18","2024","09","18","","19.0","","12.3","","15.7","","2.3","","0.0","","0.0","","0.0","","0.0","","","","28","","32",""
"-123.18","49.19","VANCOUVER INTL A","1108395","2024-09-19","2024","09","19","","16.9","","10.3","","13.6","","4.4","","0.0","","0.0","","0.0","","0.0","","","","","M","","M"
"-123.18","49.19","VANCOUVER INTL A","1108395","2024-09-20","2024","09","20","","17.6","","11.7","","14.7","","3.3","","0.0","","0.0","","0.0","","0.0","","","","30","","58",""
"-123.18","49.19","VANCOUVER INTL A","1108395","2024-09-21","2024","09","21","","17.3","","9.4","","13.4","","4.6","","0.0","","0.0","T","0.0","","0.0","T","","","","M","","M"
"-123.18","49.19","VANCOUVER INTL A","1108395","2024-09-22","2024","09","22","","18.4","","11.4","","14.9","","3.1","","0.0","","0.0","T","0.0","","0.0","T","","","9","","33",""
"-123.18","49.19","VANCOUVER INTL A","1108395","2024-09-23","2024","09","23","","19.3","","14.0","","16.7","","1.3","","0.0","","3.5","","0.0","","3.5","","","","","M","","M"
"-123.18","49.19","VANCOUVER INTL A","1108395","2024-09-24","2024","09","24","","19.2","","12.3","","15.8","","2.2","","0.0","","0.0","","0.0","","0.0","","","","","M","","M"
"-123.18","49.19","VANCOUVER INTL A","1108395","2024-09-25","2024","09","25","","17.5","","12.7","","15.1","","2.9","","0.0","","29.8","","0.0","","29.8","","","","26","","39",""
"-123.18","49.19","VANCOUVER INTL A","1108395","2024-09-26","2024","09","26","","14.2","","8.9","","11.6","","6.4","","0.0","","2.9","","0.0","","2.9","","","","7","","50",""
"-123.18","49.19","VANCOUVER INTL A","1108395","2024-09-27","2024","09","27","","18.4","","8.6","","13.5","","4.5","","0.0","","0.0","T","0.0","","0.0","T","","","16","","58",""
"-123.18","49.19","VANCOUVER INTL A","1108395","2024-09-28","2024","09","28","","14.2","","7.9","","11.1","","6.9","","0.0","","0.0","","0.0","","0.0","","","","28","","45",""
"-123.18","49.19","VANCOUVER INTL A","1108395","2024-09-29","2024","09","29","","15.2","","9.2","","12.2","","5.8","","0.0","","0.0","","0.0","","0.0","","","","24","","49",""
"-123.18","49.19","VANCOUVER INTL A","1108395","2024-09-30","2024","09","30","","14.7","","5.6","","10.2","","7.8","","0.0","","0.0","","0.0","","0.0","","","","","M","","M"
"-123.18","49.19","VANCOUVER INTL A","1108395","2024-10-01","2024","10","01","","13.0","","8.3","","10.7","","7.3","","0.0","","0.7","","0.0","","0.7","","","","","M","","M"
"-123.18","49.19","VANCOUVER INTL A","1108395","2024-10-02","2024","10","02","","16.6","","8.1","","12.4","","5.6","","0.0","","0.0","","0.0","","0.0","","","","","M","","M"
"-123.18","49.19","VANCOUVER INTL A","1108395","2024-10-03","2024","10","03","","13.9","","3.9","","8.9","","9.1","","0.0","","0.0","","0.0","","0.0","","","","","M","","M"
"-123.18","49.19","VANCOUVER INTL A","1108395","2024-10-04","2024","10","04","","16.5","","10.1","","13.3","","4.7","","0.0","","11.7","","0.0","","11.7","","","","15","","43",""
"-123.18","49.19","VANCOUVER INTL A","1108395","2024-10-05","2024","10","05","","16.1","","8.9","","12.5","","5.5","","0.0","","0.0","","0.0","","0.0","","","","","M","","M"
"-123.18","49.19","VANCOUVER INTL A","1108395","2024-10-06","2024","10","06","","16.5","","10.6","","13.6","","4.4","","0.0","","0.0","","0.0","","0.0","","","","","M","","M"
"-123.18","49.19","VANCOUVER INTL A","1108395","2024-10-07","2024","10","07","","19.2","","8.8","","14.0","","4.0","","0.0","","0.0","","0.0","","0.0","","","","","M","","M"
"-123.18","49.19","VANCOUVER INTL A","1108395","2024-10-08","2024","10","08","","15.5","","12.6","","14.1","","3.9","","0.0","","0.6","","0.0","","0.6","","","","10","","33",""
"-123.18","49.19","VANCOUVER INTL A","1108395","2024-10-09","2024","10","09","","15.7","","8.8","","12.3","","5.7","","0.0","","4.1","","0.0","","4.1","","","","26","","41",""
"-123.18","49.19","VANCOUVER INTL A","1108395","2024-10-10","2024","10","10","","13.2","","6.2","","9.7","","8.3","","0.0","","0.0","","0.0","","0.0","","","","29","","34",""
"-123.18","49.19","VANCOUVER INTL A","1108395","2024-10-11","2024","10","11","","14.0","","4.6","","9.3","","8.7","","0.0","","0.0","","0.0","","0.0","","","","","M","","M"
"-123.18","49.19","VANCOUVER INTL A","1108395","2024-10-12","2024","10","12","","16.4","","6.2","","11.3","","6.7","","0.0","","0.0","","0.0","","0.0","","","","","M","","M"
"-123.18","49.19","VANCOUVER INTL A","1108395","2024-10-13","2024","10","13","","19.6","","8.5","","14.1","","3.9","","0.0","","0.0","","0.0","","0.0","","","","","M","","M"
"-123.18","49.19","VANCOUVER INTL A","1108395","2024-10-14","2024","10","14","","16.8","","11.7","","14.3","","3.7","","0.0","","10.4","","0.0","","10.4","","","","","M","","M"
"-123.18","49.19","VANCOUVER INTL A","1108395","2024-10-15","2024","10","15","","13.8","","8.6","","11.2","","6.8","","0.0","","0.0","","0.0","","0.0","","","","","M","","M"
"-123.18","49.19","VANCOUVER INTL A","1108395","2024-10-16","2024","10","16","","14.7","","7.5","","11.1","","6.9","","0.0","","6.6","","0.0","","6.6","","","","24","","60",""
"-123.18","49.19","VANCOUVER INTL A","1108395","2024-10-17","2024","10","17","","11.9","","6.1","","9.0","","9.0","","0.0","","0.0","","0.0","","0.0","","","","27","","37",""
"-123.18","49.19","VANCOUVER INTL A","1108395","2024-10-18","2024","10","18","","9.5","","8.0","","8.8","","9.2","","0.0","","34.2","","0.0","","34.2","","","","12","","53",""
"-123.18","49.19","VANCOUVER INTL A","1108395","2024-10-19","2024","10","19","","14.4","","9.1","","11.8","","6.2","","0.0","","67.1","","0.0","","67.1","","","","15","","58",""
"-123.18","49.19","VANCOUVER INTL A","1108395","2024-10-20","2024","10","20","","13.8","","9.6","","11.7","","6.3","","0.0","","28.8","","0.0","","28.8","","","","27","","44",""
"-123.18","49.19","VANCOUVER INTL A","1108395","2024-10-21","2024","10","21","","11.9","","7.8","","9.9","","8.1","","0.0","","0.0","T","0.0","","0.0","T","","","","M","","M"
"-123.18","49.19","VANCOUVER INTL A","1108395","2024-10-22","2024","10","22","","13.0","","5.9","","9.5","","8.5","","0.0","","1.2","","0.0","","1.2","","","","","M","","M"
"-123.18","49.19","VANCOUVER INTL A","1108395","2024-10-23","2024","10","23","","10.9","","3.6","","7.3","","10.7","","0.0","","0.0","T","0.0","","0.0","T","","","","M","","M"
"-123.18","49.19","VANCOUVER INTL A","1108395","2024-10-24","2024","10","24","","","","","","","","","","","","","","","","","","","","","","",""
"-123.18","49.19","VANCOUVER INTL A","1108395","2024-10-25","2024","10","25","","","","","","","","","","","","","","","","","","","","","","",""
"-123.18","49.19","VANCOUVER INTL A","1108395","2024-10-26","2024","10","26","","","","","","","","","","","","","","","","","","","","","","",""
"-123.18","49.19","VANCOUVER INTL A","1108395","2024-10-27","2024","10","27","","","","","","","","","","","","","","","","","","","","","","",""
"-123.18","49.19","VANCOUVER INTL A","1108395","2024-10-28","2024","10","28","","","","","","","","","","","","","","","","","","","","","","",""
"-123.18","49.19","VANCOUVER INTL A","1108395","2024-10-29","2024","10","29","","","","","","","","","","","","","","","","","","","","","","",""
"-123.18","49.19","VANCOUVER INTL A","1108395","2024-10-30","2024","10","30","","","","","","","","","","","","","","","","","","","","","","",""
"-123.18","49.19","VANCOUVER INTL A","1108395","2024-10-31","2024","10","31","","","","","","","","","","","","","","","","","","","","","","",""
"-123.18","49.19","VANCOUVER INTL A","1108395","2024-11-01","2024","11","01","","","","","","","","","","","","","","","","","","","","","","",""
"-123.18","49.19","VANCOUVER INTL A","1108395","2024-11-02","2024","11","02","","","","","","","","","","","","","","","","","","","","","","",""
"-123.18","49.19","VANCOUVER INTL A","1108395","2024-11-03","2024","11","03","","","","","","","","","","","","","","","","","","","","","","",""
"-123.18","49.19","VANCOUVER INTL A","1108395","2024-11-04","2024","11","04","","","","","","","","","","","","","","","","","","","","","","",""
"-123.18","49.19","VANCOUVER INTL A","1108395","2024-11-05","2024","11","05","","","","","","","","","","","","","","","","","","","","","","",""
"-123.18","49.19","VANCOUVER INTL A","1108395","2024-11-06","2024","11","06","","","","","","","","","","","","","","","","","","","","","","",""
"-123.18","49.19","VANCOUVER INTL A","1108395","2024-11-07","2024","11","07","","","","","","","","","","","","","","","","","","","","","","",""
"-123.18","49.19","VANCOUVER INTL A","1108395","2024-11-08","2024","11","08","","","","","","","","","","","","","","","","","","","","","","",""
"-123.18","49.19","VANCOUVER INTL A","1108395","2024-11-09","2024","11","09","","","","","","","","","","","","","","","","","","","","","","",""
"-123.18","49.19","VANCOUVER INTL A","1108395","2024-11-10","2024","11","10","","","","","","","","","","","","","","","","","","","","","","",""
"-123.18","49.19","VANCOUVER INTL A","1108395","2024-11-11","2024","11","11","","","","","","","","","","","","","","","","","","","","","","",""
"-123.18","49.19","VANCOUVER INTL A","1108395","2024-11-12","2024","11","12","","","","","","","","","","","","","","","","","","","","","","",""
"-123.18","49.19","VANCOUVER INTL A","1108395","2024-11-13","2024","11","13","","","","","","","","","","","","","","","","","","","","","","",""
"-123.18","49.19","VANCOUVER INTL A","1108395","2024-11-14","2024","11","14","","","","","","","","","","","","","","","","","","","","","","",""
"-123.18","49.19","VANCOUVER INTL A","1108395","2024-11-15","2024","11","15","","","","","","","","","","","","","","","","","","","","","","",""
"-123.18","49.19","VANCOUVER INTL A","1108395","2024-11-16","2024","11","16","","","","","","","","","","","","","","","","","","","","","","",""
"-123.18","49.19","VANCOUVER INTL A","1108395","2024-11-17","2024","11","17","","","","","","","","","","","","","","","","","","","","","","",""
"-123.18","49.19","VANCOUVER INTL A","1108395","2024-11-18","2024","11","18","","","","","","","","","","","","","","","","","","","","","","",""
"-123.18","49.19","VANCOUVER INTL A","1108395","2024-11-19","2024","11","19","","","","","","","","","","","","","","","","","","","","","","",""
"-123.18","49.19","VANCOUVER INTL A","1108395","2024-11-20","2024","11","20","","","","","","","","","","","","","","","","","","","","","","",""
"-123.18","49.19","VANCOUVER INTL A","1108395","2024-11-21","2024","11","21","","","","","","","","","","","","","","","","","","","","","","",""
"-123.18","49.19","VANCOUVER INTL A","1108395","2024-11-22","2024","11","22","","","","","","","","","","","","","","","","","","","","","","",""
"-123.18","49.19","VANCOUVER INTL A","1108395","2024-11-23","2024","11","23","","","","","","","","","","","","","","","","","","","","","","",""
"-123.18","49.19","VANCOUVER INTL A","1108395","2024-11-24","2024","11","24","","","","","","","","","","","","","","","","","","","","","","",""
"-123.18","49.19","VANCOUVER INTL A","1108395","2024-11-25","2024","11","25","","","","","","","","","","","","","","","","","","","","","","",""
"-123.18","49.19","VANCOUVER INTL A","1108395","2024-11-26","2024","11","26","","","","","","","","","","","","","","","","","","","","","","",""
"-123.18","49.19","VANCOUVER INTL A","1108395","2024-11-27","2024","11","27","","","","","","","","","","","","","","","","","","","","","","",""
"-123.18","49.19","VANCOUVER INTL A","1108395","2024-11-28","2024","11","28","","","","","","","","","","","","","","","","","","","","","","",""
"-123.18","49.19","VANCOUVER INTL A","1108395","2024-11-29","2024","11","29","","","","","","","","","","","","","","","","","","","","","","",""
"-123.18","49.19","VANCOUVER INTL A","1108395","2024-11-30","2024","11","30","","","","","","","","","","","","","","","","","","","","","","",""
"-123.18","49.19","VANCOUVER INTL A","1108395","2024-12-01","2024","12","01","","","","","","","","","","","","","","","","","","","","","","",""
"-123.18","49.19","VANCOUVER INTL A","1108395","2024-12-02","2024","12","02","","","","","","","","","","","","","","","","","","","","","","",""
"-123.18","49.19","VANCOUVER INTL A","1108395","2024-12-03","2024","12","03","","","","","","","","","","","","","","","","","","","","","","",""
"-123.18","49.19","VANCOUVER INTL A","1108395","2024-12-04","2024","12","04","","","","","","","","","","","","","","","","","","","","","","",""
"-123.18","49.19","VANCOUVER INTL A","1108395","2024-12-05","2024","12","05","","","","","","","","","","","","","","","","","","","","","","",""
"-123.18","49.19","VANCOUVER INTL A","1108395","2024-12-06","2024","12","06","","","","","","","","","","","","","","","","","","","","","","",""
"-123.18","49.19","VANCOUVER INTL A","1108395","2024-12-07","2024","12","07","","","","","","","","","","","","","","","","","","","","","","",""
"-123.18","49.19","VANCOUVER INTL A","1108395","2024-12-08","2024","12","08","","","","","","","","","","","","","","","","","","","","","","",""
"-123.18","49.19","VANCOUVER INTL A","1108395","2024-12-09","2024","12","09","","","","","","","","","","","","","","","","","","","","","","",""
"-123.18","49.19","VANCOUVER INTL A","1108395","2024-12-10","2024","12","10","","","","","","","","","","","","","","","","","","","","","","",""
"-123.18","49.19","VANCOUVER INTL A","1108395","2024-12-11","2024","12","11","","","","","","","","","","","","","","","","","","","","","","",""
"-123.18","49.19","VANCOUVER INTL A","1108395","2024-12-12","2024","12","12","","","","","","","","","","","","","","","","","","","","","","",""
"-123.18","49.19","VANCOUVER INTL A","1108395","2024-12-13","2024","12","13","","","","","","","","","","","","","","","","","","","","","","",""
"-123.18","49.19","VANCOUVER INTL A","1108395","2024-12-14","2024","12","14","","","","","","","","","","","","","","","","","","","","","","",""
"-123.18","49.19","VANCOUVER INTL A","1108395","2024-12-15","2024","12","15","","","","","","","","","","","","","","","","","","","","","","",""
"-123.18","49.19","VANCOUVER INTL A","1108395","2024-12-16","2024","12","16","","","","","","","","","","","","","","","","","","","","","","",""
"-123.18","49.19","VANCOUVER INTL A","1108395","2024-12-17","2024","12","17","","","","","","","","","","","","","","","","","","","","","","",""
"-123.18","49.19","VANCOUVER INTL A","1108395","2024-12-18","2024","12","18","","","","","","","","","","","","","","","","","","","","","","",""
"-123.18","49.19","VANCOUVER INTL A","1108395","2024-12-19","2024","12","19","","","","","","","","","","","","","","","","","","","","","","",""
"-123.18","49.19","VANCOUVER INTL A","1108395","2024-12-20","2024","12","20","","","","","","","","","","","","","","","","","","","","","","",""
"-123.18","49.19","VANCOUVER INTL A","1108395","2024-12-21","2024","12","21","","","","","","","","","","","","","","","","","","","","","","",""
"-123.18","49.19","VANCOUVER INTL A","1108395","2024-12-22","2024","12","22","","","","","","","","","","","","","","","","","","","","","","",""
"-123.18","49.19","VANCOUVER INTL A","1108395","2024-12-23","2024","12","23","","","","","","","","","","","","","","","","","","","","","","",""
"-123.18","49.19","VANCOUVER INTL A","1108395","2024-12-24","2024","12","24","","","","","","","","","","","","","","","","","","","","","","",""
"-123.18","49.19","VANCOUVER INTL A","1108395","2024-12-25","2024","12","25","","","","","","","","","","","","","","","","","","","","","","",""
"-123.18","49.19","VANCOUVER INTL A","1108395","2024-12-26","2024","12","26","","","","","","","","","","","","","","","","","","","","","","",""
"-123.18","49.19","VANCOUVER INTL A","1108395","2024-12-27","2024","12","27","","","","","","","","","","","","","","","","","","","","","","",""
"-123.18","49.19","VANCOUVER INTL A","1108395","2024-12-28","2024","12","28","","","","","","","","","","","","","","","","","","","","","","",""
"-123.18","49.19","VANCOUVER INTL A","1108395","2024-12-29","2024","12","29","","","","","","","","","","","","","","","","","","","","","","",""
"-123.18","49.19","VANCOUVER INTL A","1108395","2024-12-30","2024","12","30","","","","","","","","","","","","","","","","","","","","","","",""
"-123.18","49.19","VANCOUVER INTL A","1108395","2024-12-31","2024","12","31","","","","","","","","","","","","","","","","","","","","","","",""
